wbpg_full	class.descr	wbpg_link	time_
https://www.fritz-berger.de/zelte/	..Zelte für Camping, Reisemobil, Caravan und BusHier finden Sie eine umfangreiche Auswahl an Zelten, Markisen und Zeltzubehör für Ihren Camping-Urlaub. Egal, ob Vorzelt, Campingzelt oder Zeltheringe zur Befestigung- Im Online-Shop von Fritz Berger sind Sie richtig. Profitieren Sie bei unseren Camping-Zelten unter anderem von folgenden Vorteilen:große Auswahl: Familienzelte, Kuppelzelte, Tunnelzelte, Wurfzelteviele wasserdichte Zelte verfügbarhochwertiges Zeltzubehör wie Heringe, Gestänge oder Reinigungsmaterialbekannte Markenhersteller wie Berger, Outwell oder Brand im Angebot....	zelte/	2019-03-08
https://www.fritz-berger.de/zelte/vorzelte/wohnwagenvorzelte/?page=2	..Wählen Sie aus unserem großen Sortiment eines der vielen Wohnwagenvorzelte aus. Mit einem Wohnwagen Vorzelt der Top-Marken dwt und brand erwerben Sie ein Produkt, in dem jahrzehntelange Erfahrung steckt. Oder Sie entscheiden sich für ein Wohnwagen Vorzelt von Fritz Berger, die perfekte Kombination aus Preis und Leistung. Wussten Sie, dass die Berger Vorzelte zu den Top 3 der „Besten Marken“ (Auszeichnung CARAVANING) gehört? Hier stimmt die Qualität und Preis, Berger Vorzelte beinhalten Features, die sich Camper wünschen......	zelte/vorzelte/wohnwagenvorzelte/	2019-03-08
https://www.fritz-berger.de/zelte/vorzelte/reisemobil-und-busvorzelte/?page=1	..Busvorzelte – für Kleinbusse von VW, Ford oder Mercedes: zusätzlichen Wohnraum schaffenSchon seit Jahrzehnten reisen Menschen mit dem Kleinbus oder Wohnmobil: Urlaub auf dem Campingplatz, Festivalbesuche oder Ausflüge in die Natur sind gute Gelegenheiten, den Ford Transit oder den Mercedes Viano aus der Garage zu holen und mit Sack und Pack loszufahren. Mit einem Busvorzelt von Fritz Berger schaffen Sie zusätzlichen Wohnraum als komfortable Schlafkabine, als platzsparender Wohnbereich oder als originelle Küche oder Kochnische. Bei uns finden Sie das passende Busvorzelt für Ihre Zwecke und Sie profitieren zusätzlich von folgenden Vorteilen: vielseitige Auswahl (Vorzelte, Winterzelte, Vordächer)hochwertige Qualität (Marken wie Berger, Campistar, Vango, Brand)flexible Einsatzbereiche (Wohnraum, Schlafkabine, Kochbereich)einfache Anbringung (mittels Verbindungsschleuse an Seitentür oder Dach des Fahrzeugs)geringes Packmaß von etwa 70 x 40 x 40 bei großen Zelten mit 320 x 255 Grundfläche (stark modellabhängig)...	zelte/vorzelte/reisemobil-und-busvorzelte/	2019-03-08
https://www.fritz-berger.de/zelte/vorzelte/markisen-und-vordaecher/?page=1	..Wohnwagenmarkise – als Wetterschutz: Funktionelle Vordächer für WohnmobileBei einem Urlaub auf dem Campingplatz wünschen sich alle Sonnenschein pur. Den ganzen Tag in der Sonne zu sitzen, ist allerdings nicht gesund. Mit einer praktischen Wohnwagenmarkise genießen Sie optimalen Sonnenschutz. Bei Fritz Berger finden Sie unterschiedlichste Modelle, bei denen Sie unter anderem von folgenden Vorteilen profitieren:bekannte Hersteller wie Fiamma, Thule und Bergerverschiedene Varianten wie Sonnenvordächer, Dachmarkisen oder Markisenvorzelteflexible und einfache Anbringungunterschiedliche Größen des Markisenauszugs von ca. 200 bis 300 cm....	zelte/vorzelte/markisen-und-vordaecher/	2019-03-08
https://www.fritz-berger.de/vorzelte/markisenzubehoer/?page=4	..Markisen-Zubehör – für Vorzelte und Markisen: Von A wie Adapter bis V wie VorzeltleuchteEine Wohnwagen-Markise dient als smarter Sonnenschutz und bietet Ihnen zusätzlichen Raum beim Campen. Mit dem richtigen Markisenzubehör wie Adapter- und Abspann-Sets können Sie das flexible Vorzelt in wenigen Handgriffen anbringen und Ihren Caravan somit optimal erweitern. Bei Fritz Berger finden Sie ein breites Sortiment an Markisenzubehör für Wohnmobile und profitieren von folgenden Vorteilen: bekannte Hersteller wie Fiamma, Thule und Dometicverschiedene Produkte wie Spannstangen, Vorzeltleuchten und Markisen-Abspann-Setsgutes Preis-Leistungs-Verhältnis...	vorzelte/markisenzubehoer/	2019-03-08
https://www.fritz-berger.de/zelte/vorzelte/universal-dusch-und-geraetezelte/	..Sie haben bei Ihrem Campingurlaub mal wieder viel zu viel Gepäck mitgenommen und keinen Plan, wo Sie alles unterbringen können. Sie wollen ein Zelt, wo sie in Ruhe duschen, sich umziehen oder Ihre Kochutensilien unterbringen können. Hierfür eignet sich ein Gerätezelt perfekt. Ganz egal ob sie sich für ein Küchenzelt, ein Berger Beistellzelt oder für ein Universalzelt entscheiden, in all diesen Zelttypen lässt sich jede Menge Ausrüstung wind- und wettergeschützt unterbringen.....	zelte/vorzelte/universal-dusch-und-geraetezelte/	2019-03-08
https://www.fritz-berger.de/zelte/campingzelte/2-personen-zelte/	..Für viele Outdoor-Fans ist es das Highlight mit einem guten Bekannten, dem Partner oder einem Familienmitglied in freier Natur eine Campingtour zu machen. Man sitzt abends vor seinem 2-Personen-Zelt, grillt das Abendessen am Lagerfeuer, oder genießt einfach nur die Natur......	zelte/campingzelte/2-personen-zelte/	2019-03-08
https://www.fritz-berger.de/zelte/campingzelte/tunnelzelte/?page=1	..Tunnelzelte – für Urlaub auf dem Campingplatz: Komfort und viel PlatzEin echter Campingliebhaber verbringt seinen Urlaub nicht einfach in irgendeinem Campingzelt. Schließlich dient das Zelt nicht nur als Schlafplatz, sondern häufig auch als Wohn- und Aufenthaltsraum. Daher ist die richtige Wahl des Campingzeltes von enormer Bedeutung, denn höchster Komfort sowie ausreichend Platz sollten auch beim Campen nicht zu kurz kommen. Wenn Sie zudem mit der ganzen Familie Urlaub auf dem Campingplatz machen wollen, brauchen Sie ein großzügiges Tunnelzelt, das Platz für mehrere Personen bietet. Bei Fritz Berger finden Sie eine große Auswahl an Campingzelten, zudem profitieren Sie von:.bekannten Marken wie Outwell, Mountain Guide, Berger und Vangoverschiedenen Modellen wie Familienzelten, Wurfzelten oder Trekkingzeltenstrapazierfähigem und witterungsfestem MaterialCampingzelten mit viel Stauraumsimplem Aufbau der ZelteZubehör wie Zeltteppiche und Markisen...	zelte/campingzelte/tunnelzelte/	2019-03-08
https://www.fritz-berger.de/zelte/campingzelte/wurfzelte/	..Sie lieben es zu campen, aber haben keine Lust auf den teilweise langen und komplizierten Zeltaufbau? Oder Sie machen eine Campingtour, bei der Sie den Standort wechseln und wollen Ihre Zeit nicht mit dem Auf- und Abbau vom Zelt verschwenden? Es gibt noch unzählige andere Gründe, warum ein normales Zelt manchmal nicht in Frage kommt. Eine andere Alternative sind Aufblasbare Zelte, die ebenfalls in wenigen Sekunden aufgebaut sind......	zelte/campingzelte/wurfzelte/	2019-03-08
https://www.fritz-berger.de/zelte/campingzelte/iglu-und-kuppelzelte/	..Das Kuppelzelt gehört zu den beliebtesten Zelten unter den Campern, da der Aufbau sehr einfach ist und.das Zelt in windstillen Gegenden nicht einmal abgespannt werden muss. Das Zelt, welches an ein Iglu erinnert, kann mit leichtem Gewicht, solidem Stand, Praktikabilität und einem einfachen Aufbau überzeugen......	zelte/campingzelte/iglu-und-kuppelzelte/	2019-03-08
https://www.fritz-berger.de/zelte/campingzelte/familienzelte/?page=1	..Familienzelt – für gemeinsame Ferien auf dem Campingplatz: Viel Platz für Kind und KegelDamit der Campingurlaub mit der Familie auch zu einem unvergesslichen Erlebnis wird, brauchen Sie das richtige Zelt. Mit den Familienzelten von Fritz Berger wird der Urlaub, die schönste Zeit des Jahres. Es ist die beste Gelegenheit, um mit der Familie im Freien zu campen: Erzählen Sie sich am Lagerfeuer spannende Geschichten und wachen Sie mit den ersten Sonnenstrahlen auf. Bei Fritz Berger finden Sie Familienzelte für bis zu sechs Personen, Kabinenzelte mit eigenen Schlafkabinen sowie Hauszelte mit viel Platz und natürlich jede Menge Zeltzubehör. Werfen Sie einen Blick in unserer Sortimentund profitieren Sie von:.einer vielseitigen Auswahl an Campingzelten von Marken wie Outwell, Fritz Berger oder VangoFamilienzelte für bis zu 6 Personen verfügbarkomfortable Höhe von etwa 200 cmMoskitonetze sind bei vielen standardmäßig vorhandengeringe Packmaße (ca. 80 x 50 x 40) auch bei großen 6-Personen-Zelten...	zelte/campingzelte/familienzelte/	2019-03-08
https://www.fritz-berger.de/zelte/campingzelte/leicht-und-trekkingzelte/	..Trekkingzelte – für Wanderungen durch die Natur: Kompakt und leichtEin echter Rucksackreisender liebt die Natur und ist mittendrin zwischen Wiesen, Wäldern und Seen. Damit der Schlafplatz im Freien aber auch komfortabel ist, benötigen Wanderer ein hochwertiges Campingzelt. Für Wandertouren in der Natur eignen sich Trekkingzelte, da diese besonders kompakt und leicht im Gewicht sind und sich somit platzsparend im Rucksack transportieren lassen. Bei Fritz Berger finden Sie eine große Auswahl an Campingzelten für Singles, Paare oder Familien, zudem profitieren Sie von: bekannten Marken wie Outwell, Vango, Berger und Mountain Guideverschiedenen Modellen wie Tunnelzelte, Familienzelte und Kuppelzelterobustem und wetterbeständigem Materialviel Platz und Stauraumeinfachem und schnellem Aufbaugeringem Eigengewicht zwischen ca. 2,5 und 3,5 kg je nach Modellfreundlichem Packmaß für einen einfachen TransportZubehör wie Allzweckplanen, Zeltteppiche oder Markisen...	zelte/campingzelte/leicht-und-trekkingzelte/	2019-03-08
https://www.fritz-berger.de/zelte/zeltzubehoer/zelt-gestaenge-und-zubehoer/?page=2	..Zeltgestänge und Zubehör – fürs Camping: Stabiler Schutz für ZelteEin Campingzelt muss zu jeder Zeit gut gesichert sein, damit es auch bei Wind und Wetter stabil steht. Mit zusätzlichen Zeltstangen und Stützen können Sie Ihr Camping-Zelt oder Wohnmobil-Vorzelt sicher und standhaft anbringen, damit es selbst bei einem Orkan mit einer praktischen Dachstange an Ort und Stelle stehen bleibt.Bei Fritz Berger finden Sie eine große Auswahl an Zeltgestängen und Zubehör für Campingzelte:.bekannte Marken wie Berger, DWT und Brandverschiedene Zeltstangen wie Dachauflegestangen, Senkrechtstütze oder Teleskopstangeneinfache Anbringunghohe Stabilität und starker Haltnützliches Zubehör wie Regenabweiser, Rohrschellen oder Wandösen....	zelte/zeltzubehoer/zelt-gestaenge-und-zubehoer/	2019-03-08
https://www.fritz-berger.de/zelte/zeltzubehoer/zeltheringe-und-abspannmaterial/?page=1	..Zeltheringe und Abspannmaterial – für starken Halt: Stabilität für CampingzelteEin echter Camper wünscht sich ein Zelt, das sich schnell auf- und abbauen lässt, ausreichend Platz und Komfort bietet und bei jeder Witterungslage stabil steht. Mit den richtigen Zeltheringen und geeignetem Abspannmaterial können Sie Campingzelte und Vorzelte in fast jedem noch so harten oder weichen Untergrund befestigen. Bei Fritz Berger finden Sie in der Kategorie Zeltzubehör alles, damit ihr Campingzelt sicher und stabil steht – werfen Sie einen Blick in unsere Zeltheringe und Abspannmaterialien und profitieren Sie von:.bekannten Marken wie Berger, Thule oder Peggy Pegverschiedenen Artikeln wie Schlagheringe, Schraubheringe, Zeltnägel und SpannklemmenHeringen für weiche, gemischte, harte und extrem harte Bödenunterschiedlichen Materialien wie Polyester, Aluminium, Holz, Gummi und Kunststoff....	zelte/zeltzubehoer/zeltheringe-und-abspannmaterial/	2019-03-08
https://www.fritz-berger.de/zelte/zeltzubehoer/zeltteppich-boden-und-plane/?page=1	..Wenn Sie unter Ihrer Markise saubere und trockene Füße, oder es bequemer haben wollen, sollten Sie unbedingt einen Markisenteppich unterlegen. So können Sie sich gemütlich darauf legen und bei Hitze den Schatten genießen. Selbst wenn es regnen sollte, wird meist kein Wasser absorbiert......	zelte/zeltzubehoer/zeltteppich-boden-und-plane/	2019-03-08
https://www.fritz-berger.de/zelte/zeltzubehoer/impraegnieren-reinigen-pflegen/	..Zeltimprägnierung – für Campingzelte: Simpel und effizientAls Camper möchten Sie möglichst lange Zeit Freude an Ihrem Campingzelt haben und dieses dementsprechend über viele Jahre nutzen. Dazu gehört aber nicht nur, dass Sie das Zelt mit den geeigneten Pflegemitteln reinigen, sondern das Sie das Material alle paar Jahre imprägnieren und es so gegen Feuchtigkeit abdichten. Bei Fritz Berger finden Sie alles zur Zeltimprägnierung für Outdoor-Zelte und profitieren dabei von diesen Vorteilen: bekannte Hersteller wie Certiman, Ballistol und Bergerverschiedene Produkte wie Imprägnier-Spray, Acrylglasreiniger und Schimmelentfernereinfache Anwendung und effiziente WirkungZubehör wie Besen und Abdichtband...	zelte/zeltzubehoer/impraegnieren-reinigen-pflegen/	2019-03-08
https://www.fritz-berger.de/outdoor-freizeit/wind-und-sonnenschutz/pavillons-und-tarps/	..Sie vereisen mit einem Zelt oder Wohnmobil und wollen Ihre Zeit draußen sonnen- und regengeschützt genießen, oder Sie benötigen eine Partylocation in Ihrem Garten? Hierfür eignet sich ein Camping-Pavillon perfekt. Es ist schnell aufgebaut, spendet Schatten und bietet Schutz vor Regen. Tarps hingegen können Sie flexibel als aufspannbare Schutzplane verwenden. Sie können verschieden eingesetzt werden, wie zum Beispiel als Sonnensegel, Zeltersatz, Wind- und Regenschutz, oder als Notunterkunft......	outdoor-freizeit/wind-und-sonnenschutz/pavillons-und-tarps/	2019-03-08
https://www.fritz-berger.de/outdoor-freizeit/campingliteratur/campingfuehrer/?page=2	..Camper, die mit dem Wohnwagen oder Wohnmobil reisen, brauchen Camping-Reiseführer, auf die sie sich verlassen können und von Autoren mit viel Erfahrung. Campingführer eignen sich vor allem für Camper und Reisende mit dem Caravan, Stellplatzführer hingegen für Reisemobilisten. Fritz Berger bietet Campingführer für die verschiedensten Regionen der Welt an und ermöglicht Ihnen einen entspannten Campingurlaub......	outdoor-freizeit/campingliteratur/campingfuehrer/	2019-03-08
https://www.fritz-berger.de/outdoor-freizeit/schlafsaecke-und-matten/schlafsaecke/	..Zu jedem Campingausflug das gesamte Bettzeug mitzunehmen ist kompliziert und würde zu viel Platz wegnehmen. Ein Schlafsack ist hier die perfekte Lösung, da er kompakt und platzsparend ist. Ein weiterer Vorteil ist die optimale Anpassung an die Umstände jeder Wetterlage und die Jahreszeit.Egal, ob Sie einen Campingausflug mit dem Rad machen wollen, zu Fuß unterwegs sind, auf ein Festival gehen, oder im Wohnwagen/-mobil reisen, es gibt für jede Situation den perfekt angepassten Schlafsack. Somit wird dieser zu einem Muss für jeden Campingausflug......	outdoor-freizeit/schlafsaecke-und-matten/schlafsaecke/	2019-03-08
https://www.fritz-berger.de/outdoor-freizeit/schlafsaecke-und-matten/iso-und-campingmatten/	..Beim Campen, Zelten, oder einer Trekkingtour ist eine gute Isomatte genauso wichtig wie der Schlafsack und gehört zur Grundausstattung. So können auch schon einfache Modelle den Schlafkomfort erheblich erhöhen. Doch auch zum Sport oder als Schlafunterlage für Gäste kann die Camping-Matte eingesetzt werden. Es gibt verschiedene Modelle, wie eine selbstaufblasbare Isomatte oder eine Isoliermatte aus Schaumstoff, wodurch Sie für jeden Campingausflug die geeignete Camping Matte finden......	outdoor-freizeit/schlafsaecke-und-matten/iso-und-campingmatten/	2019-03-08
https://www.fritz-berger.de/outdoor-freizeit/schlafsaecke-und-matten/luftbetten/	..Sie werden beim Campen im Zelt oft von Rückenschmerzen geplagt, schlafen eher unruhig und wünschen sich eine ruhige Nacht in Ihrem eigenen Bett. Doch das eigene Bett mit zum Campingplatz zunehmen, scheint unvorstellbar. Für dieses Problem ist ein Camping Luftbett die perfekte Lösung. Mit seinem kleinem Packmaß, einem geringen Gewicht und dem schnellen Aufbau kann es viele Camper überzeugen. So sind ruhige, angenehme Nächte beim Campingurlaub garantiert......	outdoor-freizeit/schlafsaecke-und-matten/luftbetten/	2019-03-08
https://www.fritz-berger.de/moebel/campingmoebel/campingstuehle/?page=3	..Campingstühle – wie Zuhause: klappbarer Sitzkomfort im CampingurlaubFühlen Sie sich wohl wie auf der heimischen Couch, ob für den Tagesausflug, beim Angeln oder für den Urlaub mit Wohnmobil. Campingstühle von Fritz Berger sind leicht zu verstauen und sie finden in fast jeder Ecke Platz. Von flachen Klapp- und Faltstühlen über kompakte Hocker bis hin zu Relaxsesseln finden Sie bei uns Ihren passenden Begleiter. Fast alle Modelle halten Traglasten von bis zu 200 kg. Dabei sind die Campingstühle selbst vergleichsweise leicht und wiegen in der Regel nur zwischen zwei und fünf Kilogramm. Profitieren Sie bei uns:kinderleichter Aufbau in wenigen Sekundengeringes Eigengewicht (2 bis 5 kg)Traglasten bis 200 kgrobustes Gestell (Aluminium oder Stahl)wasserabweisendes, UV-resistentes Bezugsmaterialplatzsparend zu Verstauen...	moebel/campingmoebel/campingstuehle/	2019-03-08
https://www.fritz-berger.de/moebel/campingmoebel/campingtische/?page=1	..Campingtische – für schöne Momente in der NaturDamit Sie im Urlaub auf dem Campingplatz eine rundum gemütliche Atmosphäre genießen können, darf dier ichtige Ausstattung im Reisegepäck nicht fehlen. Bei Fritz Berger finden Sie sowohl stabile, feststehende Campingtische für gesellige Runden auf dem Campingplatz als auch besonders leichte und klappbare Modelle für Trips mit dem Rucksack. Profitieren Sie bei uns von Campingztischen von bekannten Marken wie beispielsweise Outwell, Crespo oder Berger sowie von:einer umfangreichen Auswahl an hochwertigen Campingmöbelnhöhenverstellbare Campingtischefalt- und klappbare Campingtischegeringes Eigengewicht (faltbare Tische bereits ab unter 1 kg)platzsparend zu verstauen...	moebel/campingmoebel/campingtische/	2019-03-08
https://www.fritz-berger.de/moebel/campingmoebel/campingliegen/	..Campingliegen – für eine Auszeit in der NaturAuf dem Campingplatz wollen Sie relaxen, die Sonne genießen und sich einfach nur zurücklehnen und die Füße hochlegen. Mit den Campingliegen von Fritz Berger erleben Sie höchsten Liegekomfort für einen entspannten Urlaub. Die stabilen Sonnenliegen verfügen über eine hohe Traglast, die Klappliegen eignen sich hervorragend für den einfachen Transport beim Zelten und die Mobile-Betten lässt sich zudem als gemütliches Gästebett verwenden. Bei uns finden Sie Campingliegen von namhaften Marken wie Fritz Berger, Crespo oder Lafuma. Dabei bieten wir Ihnen folgende Vorteile:.große Auswahl an Campingliegenstabile Sonnenliegen mit hoher Traglast falt- und klappbare Liegestühle für einen einfachen Transport Campingliegen mit geringem Gewicht (etwa 6 kg)flexible Funktionsweisen als Campingliege oder Mobiles-Bettplatzsparend zu verstauen ...	moebel/campingmoebel/campingliegen/	2019-03-08
https://www.fritz-berger.de/moebel/campingmoebel/campingschraenke/?page=1	..Campingschränke – für Ordnung und Stauraum auf Reisen mit dem WohnmobilBei Reisen mit dem Wohnmobil oder Urlaub auf dem Campingplatz darf es einem richtigen Camper an nichts fehlen. Mit einem Campingschrank von Fritz Berger sorgen Sie für Ordnung auf Reisen.Kleidung, Lebensmittel und Campinggeschirr können im Wohnwagen sicher und platzsparend untergebracht werden. Wenn Sie mit Kindern oder Freunden verreisen, sollten Reisegepäck und Campingausrüstung nicht im Weg rumliegen und leicht wiederzufinden sein.....	moebel/campingmoebel/campingschraenke/	2019-03-08
https://www.fritz-berger.de/haushalt/kuehlung/kuehlboxen/?page=1	..Camping-Kühlboxen für den nächsten AusflugIm Urlaub auf dem Campingplatz dürfen gekühlte Getränke nicht fehlen. Während in einem Wohnmobil Kompressor-Kühlboxen mit Strombetrieb eingesetzt werden, kommen passive Kühlboxen bevorzugt bei Tagesausflügen zum Einsatz. Bei Fritz Berger finden Sie praktische Camping-Kühlboxen mit oder ohne Strombetrieb, Kühlboxen fürs Auto und Kühltaschen für Picknicks und Festivalbesuche. So bleiben Getränke und Lebensmittel auch unterwegs immer frisch..Bei Fritz Berger profitieren Sie von folgenden Vorteilen:.elektrischen Kühlboxen für eine dauerhafte Nutzunghohe Energieeffizienz der Geräte (Klasse A oder besser)leistungsstarke Modelle(Kühlung bis zu 30 Grad unter Umgebungstemperatur)passiven Kühlboxen ohne Strombetrieb für Tagesausflüge...	haushalt/kuehlung/kuehlboxen/	2019-03-08
https://www.fritz-berger.de/haushalt/campinggeschirr/kunststoff-und-melamin-geschirr/?page=2	..Kunststoff- und Melamin-Geschirr – widerstandsfähiges Campinggeschirr: Einzelteile und SetsDas gemeinsame Frühstück oder die geselligen Barbecue-Abende sind mitunter das Highlight in jedem Campingurlaub. Damit Sie nicht das teure und bruchempfindliche Keramikgeschirr von Zuhause mitnehmen müssen, gibt es ein spezielles Campinggeschirr. Das meist aus Plastik, Kunststoff oder Melamin gefertigte Kochgeschirr ist „unkaputtbar“ und besonders leicht und somit perfekt für Ausflüge mit dem Wohnmobil oder für Urlaub auf dem Zeltplatz..Bei Fritz Berger finden Sie Camping-Teller und Tassen sowie praktische Campinggeschirr-Sets aus hochwertigem Melamin für mehrere Personen. Profitieren Sie dabei von:hoher Qualität des Geschirrswiderstandsfähige und bruchsichere Materialiengeringes Eigengewichtspülmaschinengeeignetes Kunststoffgeschirrplatzsparende Melamin-Geschirr-Setszeitloses und buntes Design....	haushalt/campinggeschirr/kunststoff-und-melamin-geschirr/	2019-03-08
https://www.fritz-berger.de/haushalt/campingeschirr/camping-kochgeschirr/?page=1	..Wer mit dem Wohnmobil oder dem Wohnwagen vereist, möchte natürlich uneingeschränkt leckere Gerichte zubereiten können. Da das Kochgeschirr von zuhause jedoch sehr schwer und unhandlich ist, gibt es Kochgeschirr, das speziell zum Campen angefertigt wurde......	haushalt/campingeschirr/camping-kochgeschirr/	2019-03-08
https://www.fritz-berger.de/haushalt/campinggeschirr/campingbesteck/	..Camping-Besteck – für Mahlzeiten unterwegs: Aus stabilem und leichtem MaterialBeim Campingurlaub sind gesellige Stunden das schönste. Daher lassen sich viele Camper für Mahlzeiten wie Frühstück, Mittag- oder Abendessen ausreichend Zeit. Damit das Essen unter freiem Himmel wie zu Hause schmeckt, gehört das richtige Camping-Besteck in jede Outdoor-Ausrüstung.Bei Fritz Berger finden Sie in der Kategorie Haushalt eine große Auswahl an Camping-Zubehör wie beispielsweise Geschirr, Besteck und Kocher. Profitieren Sie von folgenden Vorteilen:.bekannte Marken wie Gimex, B/R/K und Bergerverschiedene Produkte wie Campingbesteck-Set, Kochbesteck und Messer-Setsgeringes EigengewichtZubehör wie Schneidebretter und Schälmesser verfügbarrobuste Materialien wie Melamin, Edelstahl oder Kunststoff...	haushalt/campinggeschirr/campingbesteck/	2019-03-08
https://www.fritz-berger.de/haushalt/campingeschirr/glaeser-becher-und-tassen/?page=2	..Camping-Becher – für warme und kalte Getränke: Aus robustem und pflegeleichtem MaterialEine Tasse Kaffee am Morgen vertreibt Kummer und Sorgen – das gilt auch beim Camping. Während ein Wohnmobil meist mit einem umfangreichen Campinggeschirr ausgestattet ist, sind Camping-Becher der ideale Begleiter für mehrtägige Ausflüge in die Natur oder kurzweilige Besuche auf dem Festival. So können Sie Ihre warmen oder kalten Lieblingsgetränke überall und jederzeit genießen.Bei Fritz Berger finden Sie ein vielseitiges Sortiment an Campingbechern:bekannte Marken wie Flamefield, Gimex, Berger oder Silwyverschiedene Produkte wie Thermobecher, Trinkflaschen und Becher-Setshohe Materialqualität (Edelstahl, Kunststoff, Metall oder Glas)geringes Eigengewicht.der Produkte...	haushalt/campingeschirr/glaeser-becher-und-tassen/	2019-03-08
https://www.fritz-berger.de/haushalt/campingeschirr/thermoflaschen-und-thermokannen/	..Die Fahrt mit dem Auto, Wohnmobil oder Wohnwagen zum Campingplatz dauert wieder gefühlt eine Ewigkeit und Sie haben Lust auf einen Kaffee oder eine Tasse Tee. Sie haben es satt, dass Ihr heißes Getränk schon nach kurzer Zeit abkühlt. Für diese Probleme eignen sich Thermokannen oder Thermobecher perfekt, da sie Ihr Getränk für mehrere Stunden warm halten können. Durch die isolierende Wirkung der Behälter bleibt Ihr Getränk auch an heißen Tagen schön kühl......	haushalt/campingeschirr/thermoflaschen-und-thermokannen/	2019-03-08
https://www.fritz-berger.de/haushalt/kocher-und-grills/campingkocher/?page=1	..Campingkocher – für warme Mahlzeiten unterwegsDamit Sie beim Zelten auf dem Campingplatz oder bei Ausflügen in der Natur nicht auf warme Mahlzeiten oder den heißen Frühstückskaffee verzichten müssen, darf ein Gaskocher in der Campingausrüstung nicht fehlen. Bei Fritz Berger finden Sie zweiflammige Gaskocher für den längeren Aufenthalt auf dem Zeltplatz oder praktische Kartuschenkocher für Trekking-Touren mit dem Rucksack. Die Campingkocher sind von bekannten Marken wie HPV, Petromax und Enders. Bei uns profitieren Sie von:.einer großen Auswahl an hochwertigen CampingkochernGaskocher mit verschiedenen Brennstoffen (Kartuschenkocher, Spirituskocher, bBenzinkocher)geringes Gewicht (Kartuschenkocher unter 500 g)einfache Bedienungplatzsparend zu verstauen...	haushalt/kocher-und-grills/campingkocher/	2019-03-08
https://www.fritz-berger.de/haushalt/kocher-und-grills/einbaukocher-und-spuelen/	..Sie müssen sich in Ihrem Campingurlaub nicht immer nur einseitig ernähren und immer auf den Grill zurückgreifen, denn es gibt Einbaukocher mit denen Sie Abhilfe schaffen können. Ein Aufbaukocher ist schnell eingebaut und Sie können mit Ihm alle erdenklichen Gerichte kochen. Die Einbaukocher werden dabei alle mit Gas betrieben. Fritz Berger bietet die Wohnmobil-Einbaukocher von der Marke Dometic an, welche bereits 100 Jahre Erfahrung sammeln konnte......	haushalt/kocher-und-grills/einbaukocher-und-spuelen/	2019-03-08
https://www.fritz-berger.de/haushalt/haushaltsgeraete/heisswasser-und-kaffee/	..Fritz Berger hat als Camping-Anbieter ein breites Sortiment an Reise-Kaffeemaschinen im Sortiment. Je nach Wunsch, gibt es unterschiedliche Methoden um seinen Kaffee auf Reisen zuzubereiten. Es gibt aber auch viele Situationen, in denen Sie heißes Wasser benötigen. Zum Beispiel um eine Wärmflasche zu füllen, oder um sich eine heiße Tasse Tee aufzubrühen zu können. Camping Wasserkocher erfüllen somit alle Eigenschaften eines normalen Wasserkochers, sind dabei aber kleiner und handlicher, wodurch Sie sich besser für unterwegs eignen......	haushalt/haushaltsgeraete/heisswasser-und-kaffee/	2019-03-08
https://www.fritz-berger.de/haushalt/haushaltsgeraete/kochgeraete-und-sonstiges/	..Wer mit dem Wohnmobil, Wohnwagen oder dem Caravan reist und sich selbst versorgen muss, möchte auf möglichst viele verschiedene Arten der Essenszubereitung zurückgreifen. Mit einem Camping Backofen haben Sie viele Möglichkeiten Ihr Essen zuzubereiten. So können Sie in einem Gerät grillen, backen, toasten oder braten und somit viel Platz sparen......	haushalt/haushaltsgeraete/kochgeraete-und-sonstiges/	2019-03-08
https://www.fritz-berger.de/haushalt/camping-haushalt/kochutensilien/?page=1	..Kochutensilien – fürs Campen:.Alles für die Outdoor-KücheWer auf Reisen mit dem Wohnmobil oder beim Zelten auf dem Campingplatz mehr als nur Tütensuppen oder Ravioli aus der Dose essen und seinen Gästen anbieten möchte, sollte eine gewisse Auswahl an Kochutensilien wie beispielsweise Campinggeschirr, Schneidebretter und natürlich auch einen Dosenöffner an Bord haben. Bei Fritz Berger finden Sie in der Kategorie Haushalt ein umfangreiches Sortiment an Haushaltsgeräten und Kochutensilien fürs Campen, zusätzlich profitieren Sie von:bekannten Marken wie Steuber, koziol, Metaltext und Outwellverschiedenen Produkten wie Camping-Kocher, Küchenhelfer und Gewürzboxennützlichem Zubehör zum Sortieren oder Reinigen....	haushalt/camping-haushalt/kochutensilien/	2019-03-08
https://www.fritz-berger.de/haushalt/camping-haushalt/behaelter/?page=1	..Damit Ihr Campingurlaub nicht im Chaos oder in völliger Unordnung endet, bietet Fritz Berger verschiedene Haushaltsbehälter an, in denen Sie die verschiedensten Dinge verstauen können. So können Sie zum Beispiel Lebensmittel oder Speisen in Frischhaltedosen aufbewahren......	haushalt/camping-haushalt/behaelter/	2019-03-08
https://www.fritz-berger.de/elektro/	..Camping-Elektronik –.Stromversorgung im Urlaub mit Wohnmobil und BusIn einem Urlaub auf dem Campingplatz oder bei Reisen mit dem Wohnmobil müssen Sie nicht auf den gewohnten Komfort verzichten – weder bei der Campingausrüstung noch bei der Camping-Elektronik. Bei Fritz Berger finden Sie ein umfangreiches Sortiment von Elektronik-Zubehör fürs Campen wie beispielsweise Navigationssysteme und Klimaanlagen. Aber auch das technische Zubehör für die richtige Stromversorgung sowie praktische Camping-Sat-Anlagen gehören zu den beliebtesten Produkten in der Kategorie Camping-Elektronik. Profitieren Sie beim Kauf von Elektronik bei Fritz Berger von Vorteilen wie beispielsweise:namhafte Hersteller wie TomTom, Garmin, Megasat oder Alphatronicsvielseitige Auswahl wie Audio und TV, Sat-Anlagen, Navigationssysteme, Energieversorgungleichte Handhabung und einfache Benutzungkostengünstige mobile Energielösungen fürs Campenverschiedenes Elektronik-Zubehör wie Kabel, Stecker, Receiver...	elektro/	2019-03-08
https://www.fritz-berger.de/elektro/sat-anlagen/sat-finder/	..Satfinder – für Camping-Sat-Anlagen:.Satellitenempfang im WohnmobilWenn Sie auch auf Reisen mit dem Wohnmobil das Fernsehprogramm genießen wollen, brauchen Sie eine hochwertige Sat-Anlage, einen guten Flachbildfernseher und einen Satellitenfinder. Mit diesem praktischen Hilfsmittel können Sie die Empfangsqualität ermitteln und somit die Programme über Ihre Sat-Antenne einstellen. Bei Fritz Berger finden Sie in der Kategorie TV und Zubehör eine große Auswahl Sat-Finder für digitales Sat-TV in Wohnmobilen und Wohnwagen. Profitieren Sie dabei von folgenden Vorteilen:bekannten Marken wie Megasat, Maxview, Berger und Kathreinverschiedenen Produkten wie Camping-TV-Geräte, Sat-Anlagen und Antennenpraktisches TV-Zubehör wie Sicherungshalter und Außensteckdosen....	elektro/sat-anlagen/sat-finder/	2019-03-08
https://www.fritz-berger.de/navigation/	..Navigationssysteme – für Wohnmobile und Wohnwagen:.Immer auf dem richtigen WegLängst sind die Zeiten vorbei, in denen Sie auf große und unhandliche Straßenkarten zurückgreifen müssen, um sich auf unbekannten Pfaden bei Reisen mit dem Wohnmobil zurechtzufinden. Heutzutage gibt es moderne Alternativen zum analogen Kartenmaterial und Sie können sich von Navigationsgeräten über die Straßen leiten und bis ans Ziel führen lassen. Insbesondere bei Campingtouren in fremde Gefilde kann ein Navi fürs Wohnmobil sehr hilfreich sein. Bei Fritz Berger finden Sie in der Kategorie Elektro ein großes Sortiment an Navigationssystemen und Rückfahrtkameras für Camper und Wohnmobile: bekannte Marken wie Garmin, Dometic, TomTom und Ventura Prozahlreiche Funktionen wie Stauinfos, Kartenupdates und Fahrspurassistenteinfache Montageleichte BedienungZubehör wie Navi-Halterung...	navigation/	2019-03-08
https://www.fritz-berger.de/elektro/energieversorgung/camping-solaranlagen/	..Camping-Solaranlagen – für Wohnwagen und Wohnmobile: Energie aus der SonneAuf Reisen mit dem Wohnmobil oder auf abgelegenen Campingplätzen brauchen Sie Strom. Mit einer Camping-Solaranlage können Sie diese unabhängig vom eigentlichen Stromnetz gewinnen. Bei Fritz Berger finden Sie die passende Energieversorgung für Wohnmobile, bei der Sie unter anderem von folgenden Vorteilen profitieren:.namhafte Hersteller wie Büttner, Berger oder Phaesunverschiedene Geräte wie Solar-Camping-Sets oder Solarmoduleleichte Anbringung und Bedienung der Wohnwagen-Solaranlagenspritsparendes Eigengewicht zwischen 3 und 10 kg je nach Modell...	elektro/energieversorgung/camping-solaranlagen/	2019-03-08
https://www.fritz-berger.de/fahrzeug/	..Campingausstattung für Ihr FahrzeugDamit Ihr nächster Campingurlaub ein Erfolg wird, sollten Sie Ihr Fahrzeug schon vor der Fahrt überprüfen: Haben Sie ausreichend Wasserbehälter an Board? Funktioniert die alte Heizung noch? Benötigen Sie noch einen zusätzlichen Fahrradträger? In unserer großen Kategorie „Fahrzeug-Zubehör“ finden Sie alles, was Sie brauchen. Profitieren Sie von:Große Produktauswahl von Sanitärzubehör über Beleuchtung bis hin zu SchutzhüllenRenommierte Marken wie Berger, Fiamma oder Truma...	fahrzeug/	2019-03-08
https://www.fritz-berger.de/fahrzeug/heizen-und-kuehlen/campingheizung-und-heizstrahler/	..Mit einer praktischen Zeltheizung gehören kalte Tage der Vergangenheit an. Der Betrieb der Heizer erfolgt über eine Gaskartusche, den direkten Anschluss an die Gasflasche, oder mit Stromanschluss. Vor allem beim Camping, aber auch bei Anglern, sind mobile Gasheizungen während der kälteren Jahreszeit im Einsatz..Wer mit einem Campingmobil unterwegs ist, kann Campingheizungen nutzen, die elektrisch betrieben werden......	fahrzeug/heizen-und-kuehlen/campingheizung-und-heizstrahler/	2019-03-08
https://www.fritz-berger.de/fahrzeug/heizen-und-kuehlen/klimaanlagen/	..Camping-Klimaanlage – Abkühlung im Wohnmobil und CamperIn ein modernes Wohnmobil gehört eine Klimaanlage. Schließlich ist es im Sommer-Urlaub auf dem Campingplatz oftmals heiß..Sie finden in der Kategorie Heizen und Kühlen eine große Auswahl an Kühlungen und Heizungen für Wohnmobile. Profitieren Sie bei Fritz Berger von:bekannten Marken wie Truma, Dometic oder Evapolarverschiedenen Modellen für den Innenbereich oder zur Anbringung auf dem Dacheinfache Anbringung und Bedienung der Camping-Klimaanlagenenergieeffiziente Modellefreundlichem Eigengewicht unter 30 kg...	fahrzeug/heizen-und-kuehlen/klimaanlagen/	2019-03-08
https://www.fritz-berger.de/fahrzeug/heizen-und-kuehlen/truma-heizungen/?page=1	..Truma-Heizungen – für Wohnmobile und Wohnwagen: Komfort auf ReisenEgal ob Klettertouren im Frühjahr, Wandertouren im Herbst oder Skispaß im Winter, Campingurlauber sind zu jeder Jahreszeit mit ihrem mobilen Heim unterwegs. Mit der richtigen Camping-Heizung müssen Sie auch auf Reisen nicht auf den gewohnten Komfort verzichten und genießen auch in den kalten Monaten des Jahres wohltuende Wärme im Wohnwagen. Bei Fritz Berger finden Sie in der Kategorie Heizen und Kühlen Heizgeräte fürs Camping von der bekannten Marke Truma, zudem profitieren Sie von:.verschiedenen Modellen wie Truma-Combi, Truma-S und Truma-Vario-Heateinfacher Bedienung auch über eine AppTruma-Zubehör wie Verkleidungen, Gebläse und elektrische Zusatzheizungen...	fahrzeug/heizen-und-kuehlen/truma-heizungen/	2019-03-08
https://www.fritz-berger.de/fahrzeug/wasser/wasserentkeimung-und-reinigung/?page=1	..Bei Ihnen zu Hause und in vielen europäischen Ländern können Sie Wasser bedenkenlos direkt aus der Leitung trinken. Mit Wasser aus dem Tank oder mit Leitungswasser an einigen Urlaubsorten kann es jedoch zu Schwierigkeiten mit der Reinheit des Wassers kommen. Es gibt jedoch viele verschiedene Möglichkeiten, das Wasser aus der Leitung auf einem Campingplatz selbst zu behandeln, wodurch es sauber als Brauch- oder Trinkwasser für Ihren Campingurlaub verwendet werden kann......	fahrzeug/wasser/wasserentkeimung-und-reinigung/	2019-03-08
https://www.fritz-berger.de/fahrzeug/wasser/wasserbehaelter/?page=1	..Ein Wassertank ist für einen Campingurlaub mit dem Wohnmobil oder dem Wohnwagen nicht wegzudenken. Aus einem Wassertank können Sie Wasser zum Duschen, zum Spülen Ihres Campinggeschirrs, oder zum Hände waschen beziehen. Aber auch Ihr Trinkwasser können Sie aus einem Wassertank beziehen. Die Wassertanks können aber auch als Schmutz- oder Abwassertank verwendet werden und sind somit vielseitig einsetzbar......	fahrzeug/wasser/wasserbehaelter/	2019-03-08
https://www.fritz-berger.de/fahrzeug/wasser/camping-wasserversorgung/?page=2	..Wasserversorgung-Camping – für Hygiene und Kochen: Wassertanks und mehrFür echte Camper bedeutet die Reise mit dem Wohnmobil Freiheit ohne Grenzen, gleichzeitig aber auch höchster Komfort auf vier Rädern. Daher darf bei Wohnmobilen die Camping-Wasserversorgung auf keinen Fall zu kurz kommen. Bei Fritz Berger finden Sie in der Kategorie Wasser alles für die optimale Wasserversorgung im Wohnmobil: bekannte Marken wie Lilie, Brunner oder Cometverschiedene Geräte wie Mobilduschen, Wassertanks oder WasserpumpenZubehör wie Wasserschläuche und Sanitär für Camping....	fahrzeug/wasser/camping-wasserversorgung/	2019-03-08
https://www.fritz-berger.de/fahrzeug/wasser/schlaeuche-rohre-ventile/?page=1	..Das Rohrsystem lässt gerade in großen Fahrzeugen oder Wohnwagen eine einfache und saubere Abwasserrohrverlegung zu. Die Abwasserrohre sind einfach zu verlegen, da ohne Klebstoff gearbeitet werden kann. Jedoch sollte bei jeder Abwasserverlegung ein Geruchsverschluss zum Tank dabei sein......	fahrzeug/wasser/schlaeuche-rohre-ventile/	2019-03-08
https://www.fritz-berger.de/fahrzeug/wasser/wasserpumpen/	..Damit Sie in Ihrem Wohnmobil fließendes Wasser, wie zuhause, genießen können, benötigen Sie eine Wasserpumpe. Grundsätzlich unterscheidet man zwischen der Tauchpumpe, die im Wassertank platziert wird und der Druckwasserpumpe, die außerhalb des Tanks installiert wird......	fahrzeug/wasser/wasserpumpen/	2019-03-08
https://www.fritz-berger.de/fahrzeug/gasversorgung/gasflasche-und-zubehoer/?page=1	..Gas-Zubehör – für Wohnwagen und Wohnmobile: Optimale Gasversorgung auf ReisenEgal ob fürs Kochen auf dem Campingplatz oder zum Heizen im Wohnmobil, die Gasversorgung auf Reisen mit dem Wohnwagen ist enorm wichtig. Mit dem passenden Gas-Zubehör können Sie Ihre Camping-Ausrüstung optimieren und müssen nicht auf gewohnten Komfort verzichten. Bei Fritz Berger finden Sie ein großes Sortiment an Gasflaschen, Gasregler und Zubehör, zudem profitieren Sie von:bekannte Marken wie Truma, GOK und TGO hochwertige und sichere Gasflascheneinfache BedienungZubehör wie Gasschläuche, Gassteckdosen oder Gaskartuschen...	fahrzeug/gasversorgung/gasflasche-und-zubehoer/	2019-03-08
https://www.fritz-berger.de/fahrzeug/gasversorgung/gaswarner/	..Gasmelder für Wohnwagen und ReisemobilMit einem Gaswarngerät im Caravan sind Sie stets auf der sicheren Seite. Falls ein Gasschlauch undicht werden sollte, oder ein Ventil leckt, ist kann dies unschöne Folgen haben. Mit dem passenden Gaswarner werden Sie bei solchen Ereignissen rechtzeitig gewarnt. ...	fahrzeug/gasversorgung/gaswarner/	2019-03-08
https://www.fritz-berger.de/fahrzeug/sanitaer/campingtoiletten/?page=1	..Campingtoiletten – das stille Örtchen für unterwegs: Sanitärbedarf beim CampingBei Fritz Berger finden Sie nützlichen Sanitärbedarf fürs Camping. Auch wenn viele Campingplätze heutzutage über Sanitäranlagen verfügen, wünscht sich so manch ein Camper eine eigene Dusche oder Privatsphäre auf dem stillen Örtchen. Eine Campingtoilette ist daher der ideale Begleiter für einen Urlaub in der Natur, egal ob als Camping-WC für das Wohnmobil oder als klappbare Toilette für unterwegs. Profitieren Sie bei uns:große Auswahl an Campingtoilettennützliches Sanitärzubehörpraktische Abwasserbehälter und Fäkalientankshilfreiche Wasserentkeimung und -reinigung...	fahrzeug/sanitaer/campingtoiletten/	2019-03-08
https://www.fritz-berger.de/fahrzeug/wohnwagen-und-wohnmobil-zubehoer/fahrradtraeger/?page=2	..Fahrradträger – für Wohnmobil und Pkw: Bikes sicher transportierenBeim Campen verbringen Sie die größte Zeit in freier Natur – ob auf dem Zeltplatz, auf Wanderungen oder beim Radfahren. Wenn Sie Ihren geliebten Drahtesel mit auf die Reise nehmen wollen, brauchen Sie einen geeigneten Fahrradträger für den Wohnwagen oder Pkw, der stabil ist und sich sicher an das Fahrzeug anbringen lässt. Bei Fritz Berger finden Sie in der Kategorie Fahrzeug eine große Auswahl an Wohnmobil-Fahrradträgern, zudem profitieren Sie von:.bekannten Marken wie Thule, Fiamma und Bergerverschiedenen Modellen wie Deichselfahrradträger oder Heckfahrradträgerhoher Traglast zwischen ca. 30 bis 60 kg je nach ModellTrägern für zwei bis vier Räder je nach ModellFahrradträger-Zubehör wie Spanngurte, Fahrradschienen und Schutzhüllen....	fahrzeug/wohnwagen-und-wohnmobil-zubehoer/fahrradtraeger/	2019-03-08
https://www.fritz-berger.de/fahrzeug/wohnwagen-und-wohnmobil-zubehoer/schutzhuellen-und-planen/?page=2	..Mit Schutzhüllen und Abdeckplanen Überwinterung: praktische Überzieher für WohnmobileNach dem Campen oder zur Überwinterung gehört das Wohnmobil unter einen geschützten Unterstand oder in die Garage. So wird das mobile Heim vor Witterungseinflüssen, Verschmutzungen und Beschädigungen geschützt. Wenn Sie keinen Unterstand zur Verfügung haben, sind Schutzhüllen und Abdeckplanen ideal, um den Caravan vor Verschmutzungen und frühzeitiger Alterung zu schützen. ...	fahrzeug/wohnwagen-und-wohnmobil-zubehoer/schutzhuellen-und-planen/	2019-03-08
https://www.fritz-berger.de/fahrzeug/wohnwagen-und-wohnmobil-zubehoer/trittstufen/	..Eine Einstieghilfe ist vor allem hilfreich, wenn der Abstand zwischen Boden und Wohnwagen, Caravan oder Wohnmobil zu groß ist und der Einstieg schwer fällt. Aber auch, um im Wohnwagen oder außerhalb an bestimmte Dinge zu gelangen, ist eine Trittstufe empfehlenswert......	fahrzeug/wohnwagen-und-wohnmobil-zubehoer/trittstufen/	2019-03-08
https://www.fritz-berger.de/fahrzeug/wohnwagen-und-wohnmobil-zubehoer/caravanspiegel/?page=1	..Wohnwagenspiegel – für mehr Überblick: Sicher in den UrlaubWenn die Urlaubszeit ansteht, bereiten sich echte Camper meist frühzeitig auf die Reise mit dem Wohnmobil vor. Schließlich möchte jeder sicher auf dem Campingplatz oder am Reiseziel ankommen. Neben der Überprüfung des Allgemeinzustandes des Wohnmobils sollten Sie als Wohnwagenbesitzer auch die Rückspiegel kontrollieren und richtig einstellen. Was viele nicht wissen, ein Wohnwagenspiegel ist nicht nur ein nettes Zusatzteil, sondern unter bestimmten Voraussetzungen sogar Pflicht. Bei Fritz Berger finden Sie in der Kategorie Wohnwagen- und Wohnmobil-Zubehör eine große Auswahl von Caravanspiegel für Ihr mobiles Heim, zudem profitieren Sie von:.bekannten Marken wie Emuk, Haba, Hagus und Reichunterschiedlichen Modellen wie Universalspiegel, Toter-Winkel-Spiegel, Twinpackhochwertigem und witterungsfestem MaterialCaravanspiegel mit DiebstahlschutzZubehör wie Spiegelhalterund Ersatzköpfe...	fahrzeug/wohnwagen-und-wohnmobil-zubehoer/caravanspiegel/	2019-03-08
https://www.fritz-berger.de/fahrzeug/wohnwagen-und-wohnmobil-zubehoer/stufen-und-ausgleichskeile/	..Ausgleichskeile ermöglichen einem Wohnmobil oder Wohnwagen eine horizontale Ausrichtung. Durch einen Auffahrkeil erreichen Sie also einen höheren Komfort beim Kochen und einen besseren Schlafkomfort, dadurch dass der Wohnwagen gerade steht. Des Weiteren dienen Stufenkeile der Sicherung Ihres Wohnmobils......	fahrzeug/wohnwagen-und-wohnmobil-zubehoer/stufen-und-ausgleichskeile/	2019-03-08
https://www.fritz-berger.de/fahrzeug/wohnwagen-und-wohnmobil-zubehoer/rollos-und-fenster/?page=1	..Fenster für Wohnmobil und WohnwagenIn Wohnwagen und Reisemobil sind Fenster natürlich bereits verbaut. Trotzdem kann es vorkommen, dass ein zusätzliches verbaut werden soll, um in den Innenraum mehr Licht zu lassen. Fast immer ist der Einbau von Fenstern notwendig, wenn ein herkömmlicher Kastenwagen zum Wohnmobil umgebaut werden soll. Oder das alte Fenster ist komplett verschlissen und es ist ein Austausch notwendig. ...	fahrzeug/wohnwagen-und-wohnmobil-zubehoer/rollos-und-fenster/	2019-03-08
https://www.fritz-berger.de/fahrzeug/campingfahrzeug-inneneinrichtung/schlafkomfort/	..Zu einem Campingurlaub gehören natürlich auch die Nächte in einem Wohnmobil oder Wohnwagen. Um diese so bequem, wie zuhause im eigenem Bett gestalten zu können, brauchen Sie zum einen den richtigen Camping-Lattenrost und zum anderen eine passende Campingmatratze oder auch eine Auflegematratze......	fahrzeug/campingfahrzeug-inneneinrichtung/schlafkomfort/	2019-03-08
https://www.fritz-berger.de/fahrzeug/campingfahrzeug-inneneinrichtung/leuchten/?page=1	..Ohne Licht geht nichts, das gilt auch für Reisen mit dem Wohnmobil oder auf dem Campingplatz. Mit der richtigen Camping-Innenbeleuchtung können Sie Ihren Wohnwagen optimal ausstatten und müssen dabei nicht auf den gewohnten Komfort verzichten......	fahrzeug/campingfahrzeug-inneneinrichtung/leuchten/	2019-03-08
https://www.fritz-berger.de/fahrzeug/campingfahrzeug-inneneinrichtung/tuervorhaenge-und-fliegengitter/	..Obwohl Fliegen und Insekten unbestreitbar ein wichtiger Teil unseres Ökosystems sind, können diese Tiere beim Camping schnell lästig werden. Vor allem an Gewässern, bei hohen Temperaturen oder ausgiebigem Regen können Stechmücken, Schnaken und Fliegen schnell in großer Zahl auftauchen......	fahrzeug/campingfahrzeug-inneneinrichtung/tuervorhaenge-und-fliegengitter/	2019-03-08
https://www.fritz-berger.de/fahrzeug/kfz-innenraum-und-fahrerhaus/sitze-und-drehkonsolen/?page=1	..Sitz- und Drehkonsolen – für Camper:.Komfort und Platz im WohnmobilIn einem Wohnmobil oder Kastenwagen ist der Platz meist sehr begrenzt, sodass Camper auf jeden Millimeter des Fahrzeugs achten und diesen bestmöglich nutzen. Mit den richtigen Sitz- und Drehkonsolen lässt sich der Raum im Wohnwagen optimal ausnutzen. Ein Drehsitz ermöglicht es, sowohl Fahrer- als auch Beifahrersitz bis zu 360 Grad zu drehen. Somit entsteht kurzerhand eine komfortable Sitzgruppe für mehrere Personen..In der Kategorie Kfz-Innenraum und Fahrzeug bei Fritz Berger gibt es ein umfangreiches Angebot an Sitz- und Drehkonsolen, bei dem Sie unter anderem von folgenden Vorteilen profitieren:bekannte Hersteller wie Sportscraft oder Perexrobustes und äußerst strapazierfähiges Materialhoher Sitzkomfort...	fahrzeug/kfz-innenraum-und-fahrerhaus/sitze-und-drehkonsolen/	2019-03-08
https://www.fritz-berger.de/fahrzeug/kfz-innenraum-und-fahrerhaus/fussmatten/	..Fahrerhaus-Teppiche und Läufer für Wohnwagen und ReisemobilFür Ihr Wohnmobil stehen hier zahlreiche Fußmatten für das Fahrerhaus und Läufer für den Wohnwagen & Reisemobil.zur Verfügung. Oftmals verschleißen die Kabinenteppiche nach einiger Zeit- Deshalb haben wir die Fußmatten für die gängigsten Reisemobile und Buse im Angebot......	fahrzeug/kfz-innenraum-und-fahrerhaus/fussmatten/	2019-03-08
https://www.fritz-berger.de/bekleidung/damen/jacken/?page=3	..Outdoorjacken-Damen – für jede Wetterlage:.Funktionsjacken für SieSchlechtes Wetter gibt es nicht, nur falsche Kleidung. Eine echte Camperin oder Naturliebhaberin hält nichts auf – selbst bei Regen, Wind und Kälte steht dem Campingurlaub, einer Trekkingtour oder einem Trip mit dem Mountainbike nichts im Wege. Damit der Ausflug im Freien auch bei strömenden Regen oder starkem Wind nicht ins Wasser fällt, brauchen Sie die richtige Outdoor-Bekleidung. Bei Fritz Berger finden Sie eine große Auswahl an modischer Damen-Outdoor-Bekleidung, zusätzlich profitieren Sie von:bekannten Marken wie Regatta, Schöffel, Jack Wolfskin und Dare 2bvielseitigen Größen von 36 bis 52 je nach Modellwiderstandsfähigem und leichtem Materialatmungsaktivem und wasserdichtem Stofftrendigen Farben und Schnittenunterschiedlichen Modellen wie Softshelljacken, Fleecejacken oder Steppmantel...	bekleidung/damen/jacken/	2019-03-08
https://www.fritz-berger.de/bekleidung/herren/hosen/?page=1	..Herren-Outdoorhosen mit Tragekomfort: Funktionskleidung für unterwegsMit der richtigen Kleidung gibt es kein schlechtes Wetter. Bei Fritz Berger finden Sie Herren-Outdoorhosen für Ausflüge in die Natur. Die Funktionshosen sind der ideale Begleiter auf Trekkingpfaden, Kletterrouten oder Mountainbike-Touren. Profitieren Sie bei uns:bekannte Marken wie Schöffel, Jack Wolfskin, Regatta und Mountain Guidevielseitige Größenauswahl von M bis 4XL je nach Artikelunterschiedliche Modelle wie kurze Shorts, lange Hosen oder Caprihosenleichte und elastische Stoffenwasserabweisende und atmungsaktive Funktionshosen...	bekleidung/herren/hosen/	2019-03-08
https://www.fritz-berger.de/bekleidung/kinder/jacken/	..Outdoorjacken-Kinder – atmungsaktiv und schmutzabweisend:.Schutz bei Wind und WetterKinder spielen gerne draußen, vor allem im Campingurlaub lockt die Natur mit Abenteuer und Action. Selbst Regen, Wind und Kälte halten Kinder nicht auf, sich im Freien auszutoben. Eine Outdoorjacke für Kinder bietet ausreichend Schutz vor Nässe und Schmutz. Zudem gibt es die elastischen und wasserabweisenden Freizeitjacken in leuchtenden Farben..Bei Fritz Berger finden Sie eine bunte Auswahl an Outdoorkleidung für Kinder und profitieren dabei von:bekannten Marken wie Regatta, Harlequin und Van One Classic Carsverschiedenen Artikeln wie T-Shirts, Hemden, Hosen und Röcke.umfangreicher Auswahl von Größe 128 bis 176hochwertigen und robusten Materialenwarmen Accessoires wie Mützen, Schals und Handschuhe...	bekleidung/kinder/jacken/	2019-03-08
https://www.fritz-berger.de/bekleidung/schuhe-pflegemittel-socken/damenschuhe/?page=3	..Outdoorschuhe-Damen – für Freizeit und Sport: Modisch und mit TragekomfortPassende Schuhe gibt es für jede Gelegenheit, so auch für Freizeitaktivitäten und Sport im Freien. Bei Fritz Berger finden Sie Outdoorschuhe für Damen, die nicht nur optisch mit einem modischen Design überzeugen. Die hochwertigen Modelle sind dem anatomischen Aufbau des weiblichen Fußes perfekt zugeschnitten und bieten Ihnen somit höchsten Tragekomfort.In der Kategorie Outdoor-Bekleidung für Damen finden Sie ein großes Sortiment an Funktions- und Freizeitkleidung, bei dem Sie unter anderem von folgenden Vorteilen profitieren:.bekannte Marken wie Jack Wolfskin, Crocs und Mountain Guidebreite Größenauswahl von den Schuhgrößen 36 bis 41 (oder größer) je nach Artikelverschiedene Modelle wie Schwimmschuhe, Sandalen, Halbschuhe, Stiefelleichte und robuste Materialienwasserdichte und atmungsaktive Trekkingschuhe....	bekleidung/schuhe-pflegemittel-socken/damenschuhe/	2019-03-08
